Food Name,Food Name.1,Ingredients,Quantity,Expiry
Food 1,Gastro Gems,Carrot,66.0,7
Food 1,Gastro Gems,Cinnamon,2.0,180
Food 1,Gastro Gems,Bread Crumbs,2.0,60
Food 1,Gastro Gems,Basil,1.0,5
Food 1,Gastro Gems,Banana,2.0,3
Food 1,Gastro Gems,Almonds,1.0,180
Food 1,Gastro Gems,Production Food Name 75,18.0,
Food 1,Gastro Gems,Salt,1.0,365
Food 1,Gastro Gems,Coconut Milk,2.0,7
Food 1,Gastro Gems,Baking Powder,1.0,180
Food 1,Gastro Gems,Nutmeg,1.0,180
Food 1,Gastro Gems,Onion,75.0,10
Food 1,Gastro Gems,Production Food Name 61,0.5,
Food 1,Gastro Gems,Yogurt,4.0,10
Food 1,Gastro Gems,Production Food Name 89,11.0,
Food 1,Gastro Gems,Garlic,1.0,10
Food 1,Gastro Gems,Flour,2.0,90
Food 1,Gastro Gems,Mustard,1.0,60
Food 1,Gastro Gems,Coriander,1.0,4
Food 1,Gastro Gems,Oil,5.0,180
Food 1,Gastro Gems,Production Food Name 65,0.12,
Food 2,Divine Delights,Coconut Milk,66.0,7
Food 2,Divine Delights,Corn,2.0,5
Food 2,Divine Delights,Paneer,2.0,7
Food 2,Divine Delights,Milk,1.0,5
Food 2,Divine Delights,Ketchup,2.0,30
Food 2,Divine Delights,Mustard,1.0,60
Food 2,Divine Delights,Production Food Name 56,0.5,
Food 2,Divine Delights,Production Food Name 75,18.0,
Food 2,Divine Delights,Vinegar,1.0,365
Food 2,Divine Delights,Oil,2.0,180
Food 2,Divine Delights,Banana,1.0,3
Food 2,Divine Delights,Salt,1.0,365
Food 2,Divine Delights,Cheese,75.0,14
Food 2,Divine Delights,Oats,5.0,180
Food 2,Divine Delights,Rice,4.0,180
Food 2,Divine Delights,Production Food Name 89,11.0,
Food 2,Divine Delights,Onion,1.0,10
Food 2,Divine Delights,Sugar,1.0,365
Food 2,Divine Delights,Raisins,1.0,180
Food 2,Divine Delights,Potato,5.0,20
Food 2,Divine Delights,Production Food Name 65,0.12,
Food 3,Kiwi Kiss,Cardamom,66.0,180
Food 3,Kiwi Kiss,Parsley,2.0,5
Food 3,Kiwi Kiss,Oats,2.0,180
Food 3,Kiwi Kiss,Raisins,1.0,180
Food 3,Kiwi Kiss,Basil,2.0,5
Food 3,Kiwi Kiss,Cocoa Powder,1.0,180
Food 3,Kiwi Kiss,Production Food Name 59,0.5,
Food 3,Kiwi Kiss,Production Food Name 75,18.0,
Food 3,Kiwi Kiss,Cream,1.0,7
Food 3,Kiwi Kiss,Peas,2.0,7
Food 3,Kiwi Kiss,Spinach,1.0,3
Food 3,Kiwi Kiss,Pepper,1.0,180
Food 3,Kiwi Kiss,Banana,75.0,3
Food 3,Kiwi Kiss,Chilli,4.0,10
Food 3,Kiwi Kiss,Production Food Name 89,11.0,
Food 3,Kiwi Kiss,Cashews,1.0,180
Food 3,Kiwi Kiss,Vinegar,2.0,365
Food 3,Kiwi Kiss,Ketchup,1.0,30
Food 3,Kiwi Kiss,Rice,1.0,180
Food 3,Kiwi Kiss,Almonds,5.0,180
Food 3,Kiwi Kiss,Production Food Name 65,0.12,
Food 5,The Cheesy Jalape¤o Popper Burger,Nutmeg,4.0,180
Food 5,The Cheesy Jalape¤o Popper Burger,Mint,2.0,4
Food 5,The Cheesy Jalape¤o Popper Burger,Mayonnaise,1.0,30
Food 5,The Cheesy Jalape¤o Popper Burger,Mustard,1.0,60
Food 5,The Cheesy Jalape¤o Popper Burger,Production Food Name 71,1.0,
Food 5,The Cheesy Jalape¤o Popper Burger,Production Food Name 75,25.0,
Food 5,The Cheesy Jalape¤o Popper Burger,Garlic,1.0,10
Food 5,The Cheesy Jalape¤o Popper Burger,Rice,2.0,180
Food 5,The Cheesy Jalape¤o Popper Burger,Production Food Name 68,4.0,
Food 5,The Cheesy Jalape¤o Popper Burger,Banana,25.0,3
Food 5,The Cheesy Jalape¤o Popper Burger,Potato,0.01,20
Food 5,The Cheesy Jalape¤o Popper Burger,Ketchup,1.0,30
Food 5,The Cheesy Jalape¤o Popper Burger,Production Food Name 42,40.0,
Food 5,The Cheesy Jalape¤o Popper Burger,Paneer,1.0,7
Food 5,The Cheesy Jalape¤o Popper Burger,Cinnamon,8.0,180
Food 5,The Cheesy Jalape¤o Popper Burger,Chicken,1.0,
Food 5,The Cheesy Jalape¤o Popper Burger,Almonds,2.0,180
Food 8,The Pesto Basil Chicken Burger,Carrot,4.0,7
Food 8,The Pesto Basil Chicken Burger,Rice,2.0,180
Food 8,The Pesto Basil Chicken Burger,Ketchup,1.0,30
Food 8,The Pesto Basil Chicken Burger,Honey,1.0,365
Food 8,The Pesto Basil Chicken Burger,Production Food Name 66,1.0,
Food 8,The Pesto Basil Chicken Burger,Production Food Name 75,25.0,
Food 8,The Pesto Basil Chicken Burger,Coconut Milk,1.0,7
Food 8,The Pesto Basil Chicken Burger,Cinnamon,2.0,180
Food 8,The Pesto Basil Chicken Burger,Corn,1.0,5
Food 8,The Pesto Basil Chicken Burger,Tomato,0.01,5
Food 8,The Pesto Basil Chicken Burger,Almonds,25.0,180
Food 8,The Pesto Basil Chicken Burger,Nutmeg,4.0,180
Food 8,The Pesto Basil Chicken Burger,Production Food Name 42,40.0,
Food 8,The Pesto Basil Chicken Burger,Potato,1.0,20
Food 8,The Pesto Basil Chicken Burger,Butter,8.0,30
Food 8,The Pesto Basil Chicken Burger,Production Food Name 70,1.0,
Food 8,The Pesto Basil Chicken Burger,Chilli Flakes,2.0,180
Food 13,The Dynamic Duo Surf and Turf Burger,Mustard,8.0,60
Food 13,The Dynamic Duo Surf and Turf Burger,Bread Crumbs,1.0,60
Food 13,The Dynamic Duo Surf and Turf Burger,Flour,1.0,90
Food 13,The Dynamic Duo Surf and Turf Burger,Production Food Name 30,180.0,
Food 13,The Dynamic Duo Surf and Turf Burger,Cream,1.0,7
Food 13,The Dynamic Duo Surf and Turf Burger,Raisins,1.0,180
Food 13,The Dynamic Duo Surf and Turf Burger,Cinnamon,5.0,180
Food 13,The Dynamic Duo Surf and Turf Burger,Ginger,36.0,10
Food 13,The Dynamic Duo Surf and Turf Burger,Garlic,36.0,10
Food 15,The Crispy BBQ Onion Strings Burger,Cinnamon,45.0,180
Food 15,The Crispy BBQ Onion Strings Burger,Mayonnaise,3.0,30
Food 15,The Crispy BBQ Onion Strings Burger,Carrot,1.0,7
Food 15,The Crispy BBQ Onion Strings Burger,Corn,1.0,5
Food 15,The Crispy BBQ Onion Strings Burger,Production Food Name 56,1.0,
Food 15,The Crispy BBQ Onion Strings Burger,Raisins,1.0,180
Food 15,The Crispy BBQ Onion Strings Burger,Cashews,1.0,180
Food 19,Grand Gastronomy,Butter,1.0,30
Food 19,Grand Gastronomy,Milk,1.0,5
Food 19,Grand Gastronomy,Production Food Name 62,1.0,
Food 19,Grand Gastronomy,Garlic,1.0,10
Food 19,Grand Gastronomy,Peas,15.0,7
Food 19,Grand Gastronomy,Banana,1.0,3
Food 19,Grand Gastronomy,Chilli Flakes,15.0,180
Food 20,The Ultimate Breakfast Burger,Nutmeg,45.0,180
Food 20,The Ultimate Breakfast Burger,Cocoa Powder,3.0,180
Food 20,The Ultimate Breakfast Burger,Cinnamon,1.0,180
Food 20,The Ultimate Breakfast Burger,Coriander,1.0,4
Food 20,The Ultimate Breakfast Burger,Production Food Name 59,1.0,
Food 20,The Ultimate Breakfast Burger,Parsley,1.0,5
Food 20,The Ultimate Breakfast Burger,Milk,1.0,5
Food 23,The Gourmet Truffle Mushroom Burger,Cinnamon,300.0,180
Food 23,The Gourmet Truffle Mushroom Burger,Chicken,8.0,
Food 23,The Gourmet Truffle Mushroom Burger,Lemon Juice,8.0,7
Food 23,The Gourmet Truffle Mushroom Burger,Yogurt,3.0,10
Food 23,The Gourmet Truffle Mushroom Burger,Soy Sauce,3.0,180
Food 23,The Gourmet Truffle Mushroom Burger,Cocoa Powder,1.0,180
Food 23,The Gourmet Truffle Mushroom Burger,Spinach,1.0,3
Food 23,The Gourmet Truffle Mushroom Burger,Ginger,1.0,10
Food 23,The Gourmet Truffle Mushroom Burger,Production Food Name 75,80.0,
Food 23,The Gourmet Truffle Mushroom Burger,Vanilla,15.0,180
Food 23,The Gourmet Truffle Mushroom Burger,Nutmeg,1.0,180
Food 23,The Gourmet Truffle Mushroom Burger,Pepper,1.0,180
Food 23,The Gourmet Truffle Mushroom Burger,Production Food Name 89,50.0,
Food 23,The Gourmet Truffle Mushroom Burger,Vinegar,3.0,365
Food 23,The Gourmet Truffle Mushroom Burger,Ketchup,3.0,30
Food 23,The Gourmet Truffle Mushroom Burger,Corn,2.0,5
Food 23,The Gourmet Truffle Mushroom Burger,Cream,8.0,7
Food 24,Strawberry Sunrise,Milk,30.0,5
Food 24,Strawberry Sunrise,Cream,3.0,7
Food 24,Strawberry Sunrise,Parsley,320.0,5
Food 24,Strawberry Sunrise,Vanilla,1.0,180
Food 24,Strawberry Sunrise,Mint,1.0,4
Food 24,Strawberry Sunrise,Production Food Name 75,50.0,
Food 24,Strawberry Sunrise,Lemon Juice,60.0,7
Food 24,Strawberry Sunrise,Carrot,8.0,7
Food 24,Strawberry Sunrise,Raisins,1.0,180
Food 24,Strawberry Sunrise,Thyme,10.0,7
Food 24,Strawberry Sunrise,Butter,1.0,30
Food 24,Strawberry Sunrise,Production Food Name 77,100.0,
Food 24,Strawberry Sunrise,Vinegar,50.0,365
Food 25,Savory Spell,Tomato,0.001,5
Food 25,Savory Spell,Flour,3.0,90
Food 25,Savory Spell,Cinnamon,1.0,180
Food 25,Savory Spell,Spinach,15.0,3
Food 29,Southern Spiced Fried Okra,Honey,1.0,365
Food 29,Southern Spiced Fried Okra,Vinegar,1.0,365
Food 30,Honey Ginger Lemonade,Cashews,1.0,180
Food 30,Honey Ginger Lemonade,Bread Crumbs,1.0,60
Food 30,Honey Ginger Lemonade,Flour,5.0,90
Food 30,Honey Ginger Lemonade,Basil,1.0,5
Food 30,Honey Ginger Lemonade,Peas,1.0,7
Food 30,Honey Ginger Lemonade,Cocoa Powder,1.0,180
Food 30,Honey Ginger Lemonade,Production Food Name 73,150.0,
Food 30,Honey Ginger Lemonade,Cardamom,25.0,180
Food 30,Honey Ginger Lemonade,Chicken,1.0,
Food 30,Honey Ginger Lemonade,Production Food Name 77,40.0,
Food 30,Honey Ginger Lemonade,Production Food Name 8,40.0,
Food 30,Honey Ginger Lemonade,Chilli Flakes,1.0,180
Food 30,Honey Ginger Lemonade,Nutmeg,10.0,180
Food 30,Honey Ginger Lemonade,Production Food Name 23,150.0,
Food 30,Honey Ginger Lemonade,Mustard,20.0,60
Food 38,The Sweet Heat Mango Habanero Burger,Corn,15.0,5
Food 38,The Sweet Heat Mango Habanero Burger,Honey,1.0,365
Food 38,The Sweet Heat Mango Habanero Burger,Flour,50.0,90
Food 38,The Sweet Heat Mango Habanero Burger,Coriander,1.0,4
Food 38,The Sweet Heat Mango Habanero Burger,Tomato,1.0,5
Food 38,The Sweet Heat Mango Habanero Burger,Vinegar,1.0,365
Food 38,The Sweet Heat Mango Habanero Burger,Oil,1.0,180
Food 38,The Sweet Heat Mango Habanero Burger,Paneer,20.0,7
Food 38,The Sweet Heat Mango Habanero Burger,Garlic,1.0,10
Food 38,The Sweet Heat Mango Habanero Burger,Potato,15.0,20
Food 38,The Sweet Heat Mango Habanero Burger,Salt,10.0,365
Food 38,The Sweet Heat Mango Habanero Burger,Ketchup,1.0,30
Food 38,The Sweet Heat Mango Habanero Burger,Yogurt,29.0,10
Food 40,Heavenly Spice Haven,Flour,1.0,90
Food 40,Heavenly Spice Haven,Soy Sauce,10.0,180
Food 40,Heavenly Spice Haven,Mint,1.0,4
Food 40,Heavenly Spice Haven,Cream,1.0,7
Food 40,Heavenly Spice Haven,Pepper,1.0,180
Food 40,Heavenly Spice Haven,Yogurt,20.0,10
Food 40,Heavenly Spice Haven,Production Food Name 8,20.0,
Food 40,Heavenly Spice Haven,Onion,1.0,10
Food 40,Heavenly Spice Haven,Spinach,20.0,3
Food 40,Heavenly Spice Haven,Rice,30.0,180
Food 40,Heavenly Spice Haven,Banana,1.0,3
Food 40,Heavenly Spice Haven,Oil,10.0,180
Food 40,Heavenly Spice Haven,Garlic,1.0,10
Food 40,Heavenly Spice Haven,Honey,1.0,365
Food 41,Flaming Flavors,Coriander,15.0,4
Food 41,Flaming Flavors,Ketchup,1.0,30
Food 41,Flaming Flavors,Coconut Milk,1.0,7
Food 41,Flaming Flavors,Thyme,1.0,7
Food 41,Flaming Flavors,Spinach,1.0,3
Food 41,Flaming Flavors,Onion,1.0,10
Food 41,Flaming Flavors,Cheese,25.0,14
Food 41,Flaming Flavors,Almonds,2.0,180
Food 41,Flaming Flavors,Production Food Name 48,40.0,
Food 41,Flaming Flavors,Bread Crumbs,1.0,60
Food 41,Flaming Flavors,Parsley,15.0,5
Food 41,Flaming Flavors,Yogurt,10.0,10
Food 41,Flaming Flavors,Salt,1.0,365
Food 41,Flaming Flavors,Mayonnaise,20.0,30
Food 43,Banana Pudding,Mustard,1.0,60
Food 43,Banana Pudding,Rice,1.0,180
Food 43,Banana Pudding,Cheese,1.0,14
Food 43,Banana Pudding,Milk,1.0,5
Food 43,Banana Pudding,Production Food Name 18,20.0,
Food 43,Banana Pudding,Production Food Name 19,40.0,
Food 43,Banana Pudding,Tomato,1.0,5
Food 43,Banana Pudding,Carrot,1.0,7
Food 43,Banana Pudding,Chilli,1.0,10
Food 43,Banana Pudding,Baking Powder,29.0,180
Food 43,Banana Pudding,Garlic,20.0,10
Food 43,Banana Pudding,Corn,1.0,5
Food 45,Sparkling Lavender Lemonade,Nutmeg,150.0,180
Food 45,Sparkling Lavender Lemonade,Onion,1.0,10
Food 45,Sparkling Lavender Lemonade,Cashews,1.0,180
Food 45,Sparkling Lavender Lemonade,Mustard,25.0,60
Food 45,Sparkling Lavender Lemonade,Bread Crumbs,3.0,60
Food 45,Sparkling Lavender Lemonade,Lentils,1.0,180
Food 46,Pomegranate Power,Cinnamon,1.0,180
Food 46,Pomegranate Power,Chicken,25.0,
Food 46,Pomegranate Power,Mint,4.0,4
Food 46,Pomegranate Power,Soy Sauce,2.0,180
Food 55,Southern Comfort Chicken and Waffles,Parsley,1.0,5
Food 55,Southern Comfort Chicken and Waffles,Lemon Juice,1.0,7
Food 55,Southern Comfort Chicken and Waffles,Banana,1.0,3
Food 55,Southern Comfort Chicken and Waffles,Butter,1.0,30
Food 55,Southern Comfort Chicken and Waffles,Production Food Name 8,15.0,
Food 55,Southern Comfort Chicken and Waffles,Flour,1.0,90
Food 55,Southern Comfort Chicken and Waffles,Production Food Name 28,75.0,
Food 55,Southern Comfort Chicken and Waffles,Production Food Name 2,30.0,
Food 55,Southern Comfort Chicken and Waffles,Coconut Milk,10.0,7
Food 55,Southern Comfort Chicken and Waffles,Cream,40.0,7
Food 56,The Zesty Guacamole Fiesta Burger,Flour,43.0,90
Food 56,The Zesty Guacamole Fiesta Burger,Rice,15.0,180
Food 56,The Zesty Guacamole Fiesta Burger,Corn,15.0,5
Food 56,The Zesty Guacamole Fiesta Burger,Raisins,2.0,180
Food 56,The Zesty Guacamole Fiesta Burger,Cheese,2.0,14
Food 56,The Zesty Guacamole Fiesta Burger,Banana,2.0,3
Food 56,The Zesty Guacamole Fiesta Burger,Cardamom,1.0,180
Food 56,The Zesty Guacamole Fiesta Burger,Production Food Name 29,90.0,
Food 56,The Zesty Guacamole Fiesta Burger,Production Food Name 84,20.0,
Food 56,The Zesty Guacamole Fiesta Burger,Production Food Name 86,80.0,
Food 56,The Zesty Guacamole Fiesta Burger,Lemon Juice,2.0,7
Food 56,The Zesty Guacamole Fiesta Burger,Cashews,1.0,180
Food 56,The Zesty Guacamole Fiesta Burger,Sugar,1.0,365
Food 56,The Zesty Guacamole Fiesta Burger,Butter,250.0,30
Food 56,The Zesty Guacamole Fiesta Burger,Thyme,2.0,7
Food 56,The Zesty Guacamole Fiesta Burger,Chicken,1.0,
Food 56,The Zesty Guacamole Fiesta Burger,Chilli Flakes,20.0,180
Food 56,The Zesty Guacamole Fiesta Burger,Spinach,43.0,3
Food 56,The Zesty Guacamole Fiesta Burger,Egg,0.01,10
Food 56,The Zesty Guacamole Fiesta Burger,Parsley,29.0,5
Food 56,The Zesty Guacamole Fiesta Burger,Oats,1.0,180
Food 56,The Zesty Guacamole Fiesta Burger,Pepper,5.0,180
Food 56,The Zesty Guacamole Fiesta Burger,Cocoa Powder,20.0,180
Food 57,The Southwest Fiesta Burger,Oats,43.0,180
Food 57,The Southwest Fiesta Burger,Onion,15.0,10
Food 57,The Southwest Fiesta Burger,Honey,15.0,365
Food 57,The Southwest Fiesta Burger,Cream,2.0,7
Food 57,The Southwest Fiesta Burger,Yogurt,2.0,10
Food 57,The Southwest Fiesta Burger,Egg,2.0,10
Food 57,The Southwest Fiesta Burger,Peas,1.0,7
Food 57,The Southwest Fiesta Burger,Production Food Name 84,20.0,
Food 57,The Southwest Fiesta Burger,Production Food Name 87,80.0,
Food 57,The Southwest Fiesta Burger,Almonds,1.0,180
Food 57,The Southwest Fiesta Burger,Mustard,1.0,60
Food 57,The Southwest Fiesta Burger,Coriander,1.0,4
Food 57,The Southwest Fiesta Burger,Vinegar,250.0,365
Food 57,The Southwest Fiesta Burger,Oil,50.0,180
Food 57,The Southwest Fiesta Burger,Spinach,2.0,3
Food 57,The Southwest Fiesta Burger,Salt,1.0,365
Food 57,The Southwest Fiesta Burger,Milk,20.0,5
Food 57,The Southwest Fiesta Burger,Cinnamon,43.0,180
Food 57,The Southwest Fiesta Burger,Cardamom,0.01,180
Food 57,The Southwest Fiesta Burger,Ketchup,29.0,30
Food 57,The Southwest Fiesta Burger,Nutmeg,1.0,180
Food 62,Mojito Mocktail,Baking Powder,15.0,180
Food 62,Mojito Mocktail,Flour,2.0,90
Food 62,Mojito Mocktail,Egg,1.0,10
Food 62,Mojito Mocktail,Almonds,1.0,180
Food 62,Mojito Mocktail,Banana,1.0,3
Food 62,Mojito Mocktail,Production Food Name 44,1.0,
Food 62,Mojito Mocktail,Production Food Name 75,30.0,
Food 62,Mojito Mocktail,Production Food Name 102,60.0,
Food 62,Mojito Mocktail,Thyme,1.0,7
Food 62,Mojito Mocktail,Peas,2.0,7
Food 62,Mojito Mocktail,Cashews,1.0,180
Food 62,Mojito Mocktail,Cardamom,1.0,180
Food 62,Mojito Mocktail,Production Food Name 42,40.0,
Food 62,Mojito Mocktail,Butter,1.0,30
Food 62,Mojito Mocktail,Cinnamon,15.0,180
Food 62,Mojito Mocktail,Rice,125.0,180
Food 62,Mojito Mocktail,Mint,2.0,4
Food 62,Mojito Mocktail,Ginger,0.01,10
Food 62,Mojito Mocktail,Salt,29.0,365
Food 62,Mojito Mocktail,Oil,1.0,180
Food 62,Mojito Mocktail,Raisins,1.0,180
Food 66,Creamy Vanilla Frappe,Parsley,36.0,5
Food 66,Creamy Vanilla Frappe,Cheese,15.0,14
Food 66,Creamy Vanilla Frappe,Honey,15.0,365
Food 66,Creamy Vanilla Frappe,Mayonnaise,2.0,30
Food 66,Creamy Vanilla Frappe,Coriander,32.0,4
Food 66,Creamy Vanilla Frappe,Oats,2.0,180
Food 66,Creamy Vanilla Frappe,Carrot,1.0,7
Food 66,Creamy Vanilla Frappe,Coconut Milk,1.0,7
Food 66,Creamy Vanilla Frappe,Ketchup,1.0,30
Food 66,Creamy Vanilla Frappe,Production Food Name 29,45.0,
Food 66,Creamy Vanilla Frappe,Production Food Name 84,4.0,
Food 66,Creamy Vanilla Frappe,Rice,1.0,180
Food 66,Creamy Vanilla Frappe,Potato,1.0,20
Food 66,Creamy Vanilla Frappe,Cinnamon,1.0,180
Food 66,Creamy Vanilla Frappe,Production Food Name 38,30.0,
Food 66,Creamy Vanilla Frappe,Egg,125.0,10
Food 66,Creamy Vanilla Frappe,Lemon Juice,2.0,7
Food 66,Creamy Vanilla Frappe,Corn,22.0,5
Food 66,Creamy Vanilla Frappe,Flour,1.0,90
Food 66,Creamy Vanilla Frappe,Baking Powder,20.0,180
Food 66,Creamy Vanilla Frappe,Cardamom,2.0,180
Food 69,Delish Dhaba,Ketchup,29.0,30
Food 69,Delish Dhaba,Butter,22.0,30
Food 69,Delish Dhaba,Parsley,15.0,5
Food 69,Delish Dhaba,Oats,129.0,180
Food 69,Delish Dhaba,Spinach,5.0,3
Food 69,Delish Dhaba,Paneer,4.0,7
Food 69,Delish Dhaba,Lentils,2.0,180
Food 69,Delish Dhaba,Nutmeg,6.0,180
Food 69,Delish Dhaba,Potato,1.0,20
Food 69,Delish Dhaba,Raisins,1.0,180
Food 69,Delish Dhaba,Cream,1.0,7
Food 69,Delish Dhaba,Production Food Name 84,10.0,
Food 69,Delish Dhaba,Production Food Name 86,10.0,
Food 69,Delish Dhaba,Chilli Flakes,0.5,180
Food 69,Delish Dhaba,Almonds,1.0,180
Food 69,Delish Dhaba,Salt,25.0,365
Food 69,Delish Dhaba,Chicken,1.0,
Food 69,Delish Dhaba,Oil,22.0,180
Food 69,Delish Dhaba,Egg,3.0,10
Food 69,Delish Dhaba,Cinnamon,125.0,180
Food 69,Delish Dhaba,Peas,15.0,7
Food 69,Delish Dhaba,Tomato,10.0,5
Food 69,Delish Dhaba,Vinegar,1.0,365
Food 69,Delish Dhaba,Cardamom,0.01,180
Food 69,Delish Dhaba,Coriander,29.0,4
Food 69,Delish Dhaba,Mustard,136.0,60
Food 69,Delish Dhaba,Vanilla,10.0,180
Food 69,Delish Dhaba,Mint,1.0,4
Food 69,Delish Dhaba,Rice,5.0,180
Food 72,The Tangy Teriyaki Pineapple Burger,Coconut Milk,3.0,7
Food 72,The Tangy Teriyaki Pineapple Burger,Egg,22.0,10
Food 72,The Tangy Teriyaki Pineapple Burger,Rice,1.0,180
Food 72,The Tangy Teriyaki Pineapple Burger,Banana,1.0,3
Food 72,The Tangy Teriyaki Pineapple Burger,Salt,5.0,365
Food 72,The Tangy Teriyaki Pineapple Burger,Vinegar,1.0,365
Food 72,The Tangy Teriyaki Pineapple Burger,Potato,1.0,20
Food 72,The Tangy Teriyaki Pineapple Burger,Production Food Name 30,90.0,
Food 72,The Tangy Teriyaki Pineapple Burger,Production Food Name 75,10.0,
Food 72,The Tangy Teriyaki Pineapple Burger,Soy Sauce,1.0,180
Food 72,The Tangy Teriyaki Pineapple Burger,Lemon Juice,1.0,7
Food 72,The Tangy Teriyaki Pineapple Burger,Basil,125.0,5
Food 72,The Tangy Teriyaki Pineapple Burger,Oats,22.0,180
Food 72,The Tangy Teriyaki Pineapple Burger,Raisins,2.0,180
Food 72,The Tangy Teriyaki Pineapple Burger,Honey,2.0,365
Food 72,The Tangy Teriyaki Pineapple Burger,Milk,1.0,5
Food 72,The Tangy Teriyaki Pineapple Burger,Baking Powder,5.0,180
Food 72,The Tangy Teriyaki Pineapple Burger,Cashews,0.01,180
Food 72,The Tangy Teriyaki Pineapple Burger,Production Food Name 42,40.0,
Food 72,The Tangy Teriyaki Pineapple Burger,Cocoa Powder,2.0,180
Food 72,The Tangy Teriyaki Pineapple Burger,Almonds,5.0,180
Food 72,The Tangy Teriyaki Pineapple Burger,Ketchup,25.0,30
Food 72,The Tangy Teriyaki Pineapple Burger,Sugar,1.0,365
Food 74,Epicurean Ecstasy,Bread Crumbs,36.0,60
Food 74,Epicurean Ecstasy,Lentils,2.0,180
Food 74,Epicurean Ecstasy,Onion,2.0,10
Food 74,Epicurean Ecstasy,Egg,1.0,10
Food 74,Epicurean Ecstasy,Carrot,1.0,7
Food 74,Epicurean Ecstasy,Production Food Name 29,90.0,
Food 74,Epicurean Ecstasy,Mustard,1.0,60
Food 74,Epicurean Ecstasy,Mint,1.0,4
Food 74,Epicurean Ecstasy,Vinegar,1.0,365
Food 74,Epicurean Ecstasy,Ketchup,15.0,30
Food 74,Epicurean Ecstasy,Baking Powder,0.01,180
Food 74,Epicurean Ecstasy,Butter,125.0,30
Food 74,Epicurean Ecstasy,Cheese,5.0,14
Food 74,Epicurean Ecstasy,Mayonnaise,15.0,30
Food 74,Epicurean Ecstasy,Rice,1.0,180
Food 74,Epicurean Ecstasy,Oats,2.0,180
Food 74,Epicurean Ecstasy,Potato,1.0,20
Food 75,Sweet Tea-Brined Pork Chops,Garlic,36.0,10
Food 75,Sweet Tea-Brined Pork Chops,Onion,2.0,10
Food 75,Sweet Tea-Brined Pork Chops,Coconut Milk,2.0,7
Food 75,Sweet Tea-Brined Pork Chops,Rice,1.0,180
Food 75,Sweet Tea-Brined Pork Chops,Cashews,1.0,180
Food 75,Sweet Tea-Brined Pork Chops,Butter,2.0,30
Food 75,Sweet Tea-Brined Pork Chops,Ketchup,1.0,30
Food 75,Sweet Tea-Brined Pork Chops,Cardamom,1.0,180
Food 75,Sweet Tea-Brined Pork Chops,Mint,15.0,4
Food 75,Sweet Tea-Brined Pork Chops,Potato,15.0,20
Food 75,Sweet Tea-Brined Pork Chops,Spinach,0.01,3
Food 75,Sweet Tea-Brined Pork Chops,Bread Crumbs,125.0,60
Food 75,Sweet Tea-Brined Pork Chops,Carrot,5.0,7
Food 75,Sweet Tea-Brined Pork Chops,Mustard,1.0,60
Food 75,Sweet Tea-Brined Pork Chops,Honey,2.0,365
Food 75,Sweet Tea-Brined Pork Chops,Lentils,1.0,180
Food 82,Tantalizing Tandoor,Cream,1.0,7
Food 82,Tantalizing Tandoor,Almonds,1.0,180
Food 88,Peach Bellini Fizz,Cardamom,10.0,180
Food 88,Peach Bellini Fizz,Onion,10.0,10
Food 88,Peach Bellini Fizz,Mustard,180.0,60
Food 88,Peach Bellini Fizz,Spinach,5.0,3
Food 88,Peach Bellini Fizz,Pepper,5.0,180
Food 88,Peach Bellini Fizz,Thyme,10.0,7
Food 88,Peach Bellini Fizz,Rice,1.0,180
Food 88,Peach Bellini Fizz,Lentils,1.0,180
Food 88,Peach Bellini Fizz,Production Food Name 84,20.0,
Food 88,Peach Bellini Fizz,Cashews,1.0,180
Food 88,Peach Bellini Fizz,Chilli,50.0,10
Food 88,Peach Bellini Fizz,Paneer,5.0,7
Food 88,Peach Bellini Fizz,Butter,50.0,30
Food 88,Peach Bellini Fizz,Bread Crumbs,15.0,60
Food 88,Peach Bellini Fizz,Basil,10.0,5
Food 88,Peach Bellini Fizz,Honey,1.0,365
Food 88,Peach Bellini Fizz,Potato,1.0,20
Food 89,Tropical Breeze,Garlic,30.0,10
Food 89,Tropical Breeze,Peas,2.0,7
Food 89,Tropical Breeze,Lentils,3.0,180
Food 89,Tropical Breeze,Coriander,5.0,4
Food 89,Tropical Breeze,Honey,1.0,365
Food 89,Tropical Breeze,Lemon Juice,1.0,7
Food 89,Tropical Breeze,Ketchup,1.0,30
Food 89,Tropical Breeze,Milk,15.0,5
Food 89,Tropical Breeze,Potato,10.0,20
Food 89,Tropical Breeze,Nutmeg,100.0,180
Food 89,Tropical Breeze,Parsley,150.0,5
Food 89,Tropical Breeze,Salt,1.0,365
Food 89,Tropical Breeze,Cinnamon,1.0,180
Food 91,Sweet Tea-Glazed Ham,Lemon Juice,30.0,7
Food 91,Sweet Tea-Glazed Ham,Oats,10.0,180
Food 91,Sweet Tea-Glazed Ham,Nutmeg,10.0,180
Food 91,Sweet Tea-Glazed Ham,Chicken,2.0,
Food 91,Sweet Tea-Glazed Ham,Baking Powder,32.0,180
Food 91,Sweet Tea-Glazed Ham,Coconut Milk,2.0,7
Food 91,Sweet Tea-Glazed Ham,Banana,1.0,3
Food 91,Sweet Tea-Glazed Ham,Vanilla,1.0,180
Food 91,Sweet Tea-Glazed Ham,Production Food Name 29,37.5,
Food 91,Sweet Tea-Glazed Ham,Production Food Name 84,4.0,
Food 91,Sweet Tea-Glazed Ham,Vinegar,1.038,365
Food 91,Sweet Tea-Glazed Ham,Pepper,1.0,180
Food 91,Sweet Tea-Glazed Ham,Ketchup,20.0,30
Food 91,Sweet Tea-Glazed Ham,Basil,0.01,5
Food 91,Sweet Tea-Glazed Ham,Production Food Name 38,25.0,
Food 91,Sweet Tea-Glazed Ham,Mint,125.0,4
Food 91,Sweet Tea-Glazed Ham,Ginger,2.0,10
Food 91,Sweet Tea-Glazed Ham,Parsley,30.0,5
Food 91,Sweet Tea-Glazed Ham,Oil,2.0,180
Food 91,Sweet Tea-Glazed Ham,Bread Crumbs,1.0,60
Food 91,Sweet Tea-Glazed Ham,Almonds,7.5,180
Food 91,Sweet Tea-Glazed Ham,Yogurt,1.0,10
Food 91,Sweet Tea-Glazed Ham,Thyme,1.0,7
Food 96,Southern Fried Catfish Po' Boy,Thyme,30.0,7
Food 96,Southern Fried Catfish Po' Boy,Raisins,10.0,180
Food 96,Southern Fried Catfish Po' Boy,Chicken,10.0,
Food 96,Southern Fried Catfish Po' Boy,Sugar,2.0,365
Food 96,Southern Fried Catfish Po' Boy,Almonds,2.0,180
Food 96,Southern Fried Catfish Po' Boy,Salt,1.0,365
Food 96,Southern Fried Catfish Po' Boy,Carrot,1.0,7
Food 96,Southern Fried Catfish Po' Boy,Mayonnaise,1.0,30
Food 96,Southern Fried Catfish Po' Boy,Oil,0.01,180
Food 96,Southern Fried Catfish Po' Boy,Honey,50.0,365
Food 96,Southern Fried Catfish Po' Boy,Oats,25.0,180
Food 96,Southern Fried Catfish Po' Boy,Cinnamon,2.0,180
Food 96,Southern Fried Catfish Po' Boy,Ketchup,125.0,30
Food 96,Southern Fried Catfish Po' Boy,Cardamom,20.0,180
Food 96,Southern Fried Catfish Po' Boy,Peas,50.0,7
Food 96,Southern Fried Catfish Po' Boy,Egg,1.0,10
Food 96,Southern Fried Catfish Po' Boy,Potato,1.0,20
Food 96,Southern Fried Catfish Po' Boy,Flour,1.0,90
Food 97,The Classic Americana Burger,Yogurt,30.0,10
Food 97,The Classic Americana Burger,Paneer,10.0,7
Food 97,The Classic Americana Burger,Baking Powder,10.0,180
Food 97,The Classic Americana Burger,Basil,2.0,5
Food 97,The Classic Americana Burger,Salt,125.0,365
Food 97,The Classic Americana Burger,Onion,2.0,10
Food 97,The Classic Americana Burger,Sugar,2.0,365
Food 97,The Classic Americana Burger,Nutmeg,1.0,180
Food 97,The Classic Americana Burger,Vanilla,1.0,180
Food 97,The Classic Americana Burger,Production Food Name 84,10.0,
Food 97,The Classic Americana Burger,Cocoa Powder,1.0,180
Food 97,The Classic Americana Burger,Coconut Milk,1.0,7
Food 97,The Classic Americana Burger,Bread Crumbs,20.0,60
Food 97,The Classic Americana Burger,Raisins,0.01,180
Food 97,The Classic Americana Burger,Milk,30.0,5
Food 97,The Classic Americana Burger,Production Food Name 32,25.0,
Food 97,The Classic Americana Burger,Production Food Name 38,25.0,
Food 97,The Classic Americana Burger,Vinegar,2.0,365
Food 97,The Classic Americana Burger,Cardamom,30.0,180
Food 97,The Classic Americana Burger,Oats,50.0,180
Food 97,The Classic Americana Burger,Mustard,20.0,60
Food 97,The Classic Americana Burger,Banana,1.0,3
Food 97,The Classic Americana Burger,Rice,1.0,180
Food 97,The Classic Americana Burger,Cheese,1.0,14
Food 98,Sweet Potato Pie with Pecan Streusel Topping,Butter,30.0,30
Food 98,Sweet Potato Pie with Pecan Streusel Topping,Mustard,10.0,60
Food 98,Sweet Potato Pie with Pecan Streusel Topping,Coriander,10.0,4
Food 98,Sweet Potato Pie with Pecan Streusel Topping,Cocoa Powder,2.0,180
Food 98,Sweet Potato Pie with Pecan Streusel Topping,Parsley,2.0,5
Food 98,Sweet Potato Pie with Pecan Streusel Topping,Soy Sauce,125.0,180
Food 98,Sweet Potato Pie with Pecan Streusel Topping,Salt,2.0,365
Food 98,Sweet Potato Pie with Pecan Streusel Topping,Ketchup,1.0,30
Food 98,Sweet Potato Pie with Pecan Streusel Topping,Chilli Flakes,1.0,180
Food 98,Sweet Potato Pie with Pecan Streusel Topping,Rice,2.0,180
Food 98,Sweet Potato Pie with Pecan Streusel Topping,Mint,1.0,4
Food 98,Sweet Potato Pie with Pecan Streusel Topping,Potato,20.0,20
Food 98,Sweet Potato Pie with Pecan Streusel Topping,Almonds,0.01,180
Food 98,Sweet Potato Pie with Pecan Streusel Topping,Coconut Milk,30.0,7
Food 98,Sweet Potato Pie with Pecan Streusel Topping,Honey,2.0,365
Food 98,Sweet Potato Pie with Pecan Streusel Topping,Peas,30.0,7
Food 98,Sweet Potato Pie with Pecan Streusel Topping,Corn,1.0,5
Food 98,Sweet Potato Pie with Pecan Streusel Topping,Nutmeg,1.0,180
Food 98,Sweet Potato Pie with Pecan Streusel Topping,Onion,1.0,10
Food 104,Mango Tango,Egg,1.0,10
Food 105,Caramel Macchiato Delight,Honey,1.0,365
Food 108,The Buffalo Blue Cheese Bomb Burger,Mustard,1.0,60
Food 110,Bourbon Bread Pudding with Praline Sauce,Chilli,1.0,10
Food 111,Coconut Laddoo Trifle,Bread Crumbs,1.0,60
Food 124,Culinary Tapestry,Egg,1.0,10
Food 130,Mississippi Mud Pie,Tomato,1.0,5
Food 148,Pimento Cheese-Stuffed Jalapeno Poppers,Mustard,1.0,60
Food 154,Southern Fried Green Tomatoes,Potato,1.0,20
Food 168,Spice Voyage,Peas,1.0,7
Food 176,Soulful Collard Greens with Smoked Ham Hock,Onion,1.0,10
Food 178,Biscuits and Sausage Gravy,Cinnamon,1.0,180
Food 179,The Smokin' BBQ Brisket Burger,Chilli,1.0,10
Food 183,Southern Style Baked Macaroni and Cheese,Carrot,1.0,7
Food 195,Savor Sensations,Chilli,1.0,10
Food 200,Epic Flavor Quest,Butter,1.0,30
Food 204,Flavorscape,Pepper,1.0,180
Food 206,Iced Vanilla Chai,Thyme,1.0,7
Food 208,Frosted Mint Mocha,Coriander,1.0,4
Food 213,Grits and Grillades,Basil,1.0,5
Food 214,The Spicy Sriracha Kick Burger,Potato,1.0,20
Food 215,Cherry Crush,Egg,1.0,10
Food 217,Savannah Red Rice,Baking Powder,1.0,180
Food 222,Louisiana Crawfish Etouffee,Salt,1.0,365
Food 222,Louisiana Crawfish Etouffee,Banana,1.0,3
Food 222,Louisiana Crawfish Etouffee,Tomato,1.0,5
Food 222,Louisiana Crawfish Etouffee,Production Food Name 29,45.0,
Food 222,Louisiana Crawfish Etouffee,Production Food Name 86,15.0,
Food 222,Louisiana Crawfish Etouffee,Potato,1.045,20
Food 222,Louisiana Crawfish Etouffee,Production Food Name 45,5.0,
Food 222,Louisiana Crawfish Etouffee,Cheese,1.0,14
Food 222,Louisiana Crawfish Etouffee,Mayonnaise,5.0,30
Food 222,Louisiana Crawfish Etouffee,Butter,2.0,30
Food 222,Louisiana Crawfish Etouffee,Cinnamon,1.0,180
Food 222,Louisiana Crawfish Etouffee,Almonds,10.0,180
Food 222,Louisiana Crawfish Etouffee,Yogurt,1.0,10
Food 222,Louisiana Crawfish Etouffee,Raisins,1.0,180
Food 222,Louisiana Crawfish Etouffee,Honey,5.0,365
Food 222,Louisiana Crawfish Etouffee,Cocoa Powder,9.0,180
Food 223,The Philly Cheesesteak Inspired Burger,Rice,1.0,180
Food 223,The Philly Cheesesteak Inspired Burger,Vinegar,5.0,365
Food 223,The Philly Cheesesteak Inspired Burger,Chilli,2.0,10
Food 223,The Philly Cheesesteak Inspired Burger,Cinnamon,5.0,180
Food 223,The Philly Cheesesteak Inspired Burger,Lentils,15.0,180
Food 223,The Philly Cheesesteak Inspired Burger,Yogurt,1.0,10
Food 223,The Philly Cheesesteak Inspired Burger,Peas,1.0,7
Food 223,The Philly Cheesesteak Inspired Burger,Tomato,1.0,5
Food 223,The Philly Cheesesteak Inspired Burger,Production Food Name 45,5.0,
Food 223,The Philly Cheesesteak Inspired Burger,Parsley,1.0,5
Food 223,The Philly Cheesesteak Inspired Burger,Baking Powder,2.0,180
Food 223,The Philly Cheesesteak Inspired Burger,Bread Crumbs,1.0,60
Food 223,The Philly Cheesesteak Inspired Burger,Coconut Milk,1.0,7
Food 223,The Philly Cheesesteak Inspired Burger,Ketchup,5.0,30
Food 225,Culinary Kaleidoscope,Cinnamon,10.0,180
Food 225,Culinary Kaleidoscope,Mayonnaise,1.0,30
Food 225,Culinary Kaleidoscope,Vanilla,1.0,180
Food 225,Culinary Kaleidoscope,Production Food Name 34,75.0,
Food 225,Culinary Kaleidoscope,Egg,1.0,10
Food 225,Culinary Kaleidoscope,Production Food Name 45,10.0,
Food 225,Culinary Kaleidoscope,Salt,1.0,365
Food 225,Culinary Kaleidoscope,Lentils,2.0,180
Food 225,Culinary Kaleidoscope,Chilli Flakes,1.0,180
Food 225,Culinary Kaleidoscope,Honey,1.0,365
Food 225,Culinary Kaleidoscope,Production Food Name 50,10.0,
Food 228,The Gourmet Blue Cheese Truffle Burger,Oil,1.0,180
Food 228,The Gourmet Blue Cheese Truffle Burger,Bread Crumbs,1.0,60
Food 228,The Gourmet Blue Cheese Truffle Burger,Production Food Name 52,75.0,
Food 228,The Gourmet Blue Cheese Truffle Burger,Mint,1.0,4
Food 228,The Gourmet Blue Cheese Truffle Burger,Production Food Name 45,10.0,
Food 228,The Gourmet Blue Cheese Truffle Burger,Ketchup,1.0,30
Food 228,The Gourmet Blue Cheese Truffle Burger,Ginger,1.0,10
Food 228,The Gourmet Blue Cheese Truffle Burger,Parsley,2.0,5
Food 228,The Gourmet Blue Cheese Truffle Burger,Vinegar,1.0,365
Food 228,The Gourmet Blue Cheese Truffle Burger,Coriander,1.0,4
Food 228,The Gourmet Blue Cheese Truffle Burger,Production Food Name 50,10.0,
Food 228,The Gourmet Blue Cheese Truffle Burger,Flour,15.0,90
Food 233,Smoky Bourbon Glazed Ribs,Coconut Milk,2.0,7
Food 233,Smoky Bourbon Glazed Ribs,Cashews,10.0,180
Food 233,Smoky Bourbon Glazed Ribs,Lentils,5.0,180
Food 233,Smoky Bourbon Glazed Ribs,Onion,1.0,10
Food 233,Smoky Bourbon Glazed Ribs,Cardamom,1.0,180
Food 233,Smoky Bourbon Glazed Ribs,Vanilla,1.0,180
Food 233,Smoky Bourbon Glazed Ribs,Peas,15.0,7
Food 233,Smoky Bourbon Glazed Ribs,Production Food Name 38,180.0,
Food 233,Smoky Bourbon Glazed Ribs,Lemon Juice,5.0,7
Food 233,Smoky Bourbon Glazed Ribs,Almonds,20.0,180
Food 233,Smoky Bourbon Glazed Ribs,Carrot,10.0,7
Food 233,Smoky Bourbon Glazed Ribs,Basil,30.0,5
Food 233,Smoky Bourbon Glazed Ribs,Cream,10.0,7
Food 233,Smoky Bourbon Glazed Ribs,Ketchup,30.0,30
Food 233,Smoky Bourbon Glazed Ribs,Butter,30.0,30
Food 233,Smoky Bourbon Glazed Ribs,Production Food Name 85,200.0,
Food 233,Smoky Bourbon Glazed Ribs,Sugar,1.0,365
Food 238,Blackberry Burst,Oil,20.0,180
Food 238,Blackberry Burst,Spinach,10.0,3
Food 238,Blackberry Burst,Cheese,1.0,14
Food 238,Blackberry Burst,Raisins,1.0,180
Food 238,Blackberry Burst,Production Food Name 29,180.0,
Food 238,Blackberry Burst,Milk,0.18,5
Food 238,Blackberry Burst,Butter,1.0,30
Food 238,Blackberry Burst,Flour,15.0,90
Food 238,Blackberry Burst,Banana,20.0,3
Food 238,Blackberry Burst,Garlic,10.0,10
Food 238,Blackberry Burst,Honey,5.0,365
Food 238,Blackberry Burst,Potato,10.0,20
Food 238,Blackberry Burst,Baking Powder,30.0,180
Food 238,Blackberry Burst,Production Food Name 82,200.0,
Food 238,Blackberry Burst,Thyme,1.0,7
Food 238,Blackberry Burst,Chicken,36.0,
Food 238,Blackberry Burst,Pepper,1.0,180
Food 240,Charleston Shrimp and Grits,Mint,1.0,4
Food 240,Charleston Shrimp and Grits,Cardamom,25.0,180
Food 243,Southern Peach BBQ Ribs,Corn,1.0,5
Food 243,Southern Peach BBQ Ribs,Production Food Name 8,50.0,
Food 247,Gooey Pecan Pie,Flour,1.0,90
Food 247,Gooey Pecan Pie,Production Food Name 97,50.0,
Food 251,Enchanting Spice Trail,Chicken,5.0,
Food 251,Enchanting Spice Trail,Parsley,30.0,5
Food 251,Enchanting Spice Trail,Yogurt,1.0,10
Food 251,Enchanting Spice Trail,Garlic,1.0,10
Food 251,Enchanting Spice Trail,Mint,1.0,4
Food 251,Enchanting Spice Trail,Cashews,1.0,180
Food 251,Enchanting Spice Trail,Production Food Name 48,30.0,
Food 251,Enchanting Spice Trail,Sugar,5.0,365
Food 251,Enchanting Spice Trail,Lentils,1.0,180
Food 251,Enchanting Spice Trail,Raisins,25.0,180
Food 251,Enchanting Spice Trail,Vinegar,1.0,365
Food 251,Enchanting Spice Trail,Production Food Name 2,15.0,
Food 255,Chaat Carnival,Coconut Milk,1.0,7
Food 262,Mississippi Hot Tamales,Cashews,5.0,180
Food 262,Mississippi Hot Tamales,Mustard,30.0,60
Food 262,Mississippi Hot Tamales,Baking Powder,1.0,180
Food 262,Mississippi Hot Tamales,Rice,1.0,180
Food 262,Mississippi Hot Tamales,Garlic,1.0,10
Food 262,Mississippi Hot Tamales,Banana,1.0,3
Food 262,Mississippi Hot Tamales,Production Food Name 8,30.0,
Food 262,Mississippi Hot Tamales,Oil,5.0,180
Food 262,Mississippi Hot Tamales,Flour,1.0,90
Food 262,Mississippi Hot Tamales,Ketchup,25.0,30
Food 262,Mississippi Hot Tamales,Production Food Name 2,15.0,
Food 262,Mississippi Hot Tamales,Production Food Name 41,5.0,
Food 262,Mississippi Hot Tamales,Corn,1.0,5
Food 264,The Tangy Slaw and Pickle Burger,Nutmeg,22.0,180
Food 264,The Tangy Slaw and Pickle Burger,Cocoa Powder,12.0,180
Food 264,The Tangy Slaw and Pickle Burger,Coriander,30.0,4
Food 264,The Tangy Slaw and Pickle Burger,Bread Crumbs,0.05,60
Food 264,The Tangy Slaw and Pickle Burger,Carrot,1.0,7
Food 264,The Tangy Slaw and Pickle Burger,Production Food Name 75,150.0,
Food 264,The Tangy Slaw and Pickle Burger,Honey,6.0,365
Food 264,The Tangy Slaw and Pickle Burger,Tomato,12.0,5
Food 264,The Tangy Slaw and Pickle Burger,Production Food Name 101,6.0,
Food 264,The Tangy Slaw and Pickle Burger,Production Food Name 42,240.0,
Food 264,The Tangy Slaw and Pickle Burger,Milk,150.0,5
Food 264,The Tangy Slaw and Pickle Burger,Ketchup,22.0,30
Food 264,The Tangy Slaw and Pickle Burger,Butter,43.0,30
Food 264,The Tangy Slaw and Pickle Burger,Garlic,12.0,10
Food 266,The Smoky Chipotle Cheddar Burger,Spinach,22.0,3
Food 266,The Smoky Chipotle Cheddar Burger,Butter,1.0,30
Food 266,The Smoky Chipotle Cheddar Burger,Yogurt,1.0,10
Food 266,The Smoky Chipotle Cheddar Burger,Oil,6.0,180
Food 266,The Smoky Chipotle Cheddar Burger,Corn,12.0,5
Food 266,The Smoky Chipotle Cheddar Burger,Milk,22.0,5
Food 266,The Smoky Chipotle Cheddar Burger,Production Food Name 42,240.0,
Food 266,The Smoky Chipotle Cheddar Burger,Peas,1.0,7
Food 266,The Smoky Chipotle Cheddar Burger,Tomato,100.0,5
Food 266,The Smoky Chipotle Cheddar Burger,Chicken,43.0,
Food 266,The Smoky Chipotle Cheddar Burger,Production Food Name 60,6.0,
Food 268,Blue Lagoon Mocktail,Oats,22.0,180
Food 268,Blue Lagoon Mocktail,Onion,12.0,10
Food 268,Blue Lagoon Mocktail,Vinegar,1.0,365
Food 268,Blue Lagoon Mocktail,Coconut Milk,1.0,7
Food 268,Blue Lagoon Mocktail,Production Food Name 66,6.0,
Food 268,Blue Lagoon Mocktail,Production Food Name 75,150.0,
Food 268,Blue Lagoon Mocktail,Mayonnaise,6.0,30
Food 268,Blue Lagoon Mocktail,Chilli Flakes,12.0,180
Food 268,Blue Lagoon Mocktail,Corn,22.0,5
Food 268,Blue Lagoon Mocktail,Production Food Name 42,240.0,
Food 268,Blue Lagoon Mocktail,Cashews,1.0,180
Food 268,Blue Lagoon Mocktail,Rice,150.0,180
Food 268,Blue Lagoon Mocktail,Lentils,43.0,180
Food 268,Blue Lagoon Mocktail,Banana,12.0,3
Food 270,The Guilty Pleasure Bacon Jam Burger,Lentils,3.0,180
Food 270,The Guilty Pleasure Bacon Jam Burger,Vinegar,2.0,365
Food 270,The Guilty Pleasure Bacon Jam Burger,Yogurt,1.0,10
Food 270,The Guilty Pleasure Bacon Jam Burger,Chilli Flakes,2.0,180
Food 270,The Guilty Pleasure Bacon Jam Burger,Mint,5.0,4
Food 278,The BBQ Pulled Pork Piled High Burger,Corn,1.0,5
Food 278,The BBQ Pulled Pork Piled High Burger,Yogurt,10.0,10
Food 278,The BBQ Pulled Pork Piled High Burger,Thyme,5.0,7
Food 278,The BBQ Pulled Pork Piled High Burger,Egg,2.0,10
Food 278,The BBQ Pulled Pork Piled High Burger,Rice,5.0,180
Food 278,The BBQ Pulled Pork Piled High Burger,Carrot,15.0,7
Food 278,The BBQ Pulled Pork Piled High Burger,Lemon Juice,1.0,7
Food 278,The BBQ Pulled Pork Piled High Burger,Nutmeg,1.0,180
Food 278,The BBQ Pulled Pork Piled High Burger,Flour,2.0,90
Food 278,The BBQ Pulled Pork Piled High Burger,Raisins,5.0,180
Food 279,Black-Eyed Pea Salad,Chilli,2.0,10
Food 279,Black-Eyed Pea Salad,Garlic,10.0,10
Food 279,Black-Eyed Pea Salad,Onion,2.0,10
Food 279,Black-Eyed Pea Salad,Oil,1.0,180
Food 279,Black-Eyed Pea Salad,Spinach,10.0,3
Food 279,Black-Eyed Pea Salad,Production Food Name 86,15.0,
Food 279,Black-Eyed Pea Salad,Potato,1.0,20
Food 279,Black-Eyed Pea Salad,Cinnamon,1.0,180
Food 279,Black-Eyed Pea Salad,Thyme,2.0,7
Food 279,Black-Eyed Pea Salad,Mint,10.0,4
Food 279,Black-Eyed Pea Salad,Basil,0.5,5
Food 279,Black-Eyed Pea Salad,Bread Crumbs,5.0,60
Food 281,The Sweet and Savory Maple Bacon Burger,Vinegar,1.0,365
Food 287,Louisiana Crab Cakes with Remoulade Sauce,Vinegar,1.0,365
Food 289,Pineapple Punch,Chilli,1.0,10
Food 291,Flavorful Fusion,Spinach,10.0,3
Food 291,Flavorful Fusion,Vinegar,1.0,365
Food 291,Flavorful Fusion,Production Food Name 87,200.0,
Food 291,Flavorful Fusion,Garlic,100.0,10
Food 291,Flavorful Fusion,Flour,20.0,90
Food 291,Flavorful Fusion,Raisins,10.0,180
Food 291,Flavorful Fusion,Cocoa Powder,15.0,180
Food 291,Flavorful Fusion,Basil,10.0,5
Food 291,Flavorful Fusion,Honey,30.0,365
Food 291,Flavorful Fusion,Cinnamon,1.0,180
Food 292,Lemon Lime Fizz,Cinnamon,10.0,180
Food 292,Lemon Lime Fizz,Tomato,20.0,5
Food 292,Lemon Lime Fizz,Cream,1.0,7
Food 292,Lemon Lime Fizz,Production Food Name 29,225.0,
Food 292,Lemon Lime Fizz,Production Food Name 86,180.0,
Food 292,Lemon Lime Fizz,Flour,20.0,90
Food 292,Lemon Lime Fizz,Ginger,10.0,10
Food 292,Lemon Lime Fizz,Egg,15.0,10
Food 292,Lemon Lime Fizz,Sugar,15.0,365
Food 292,Lemon Lime Fizz,Vanilla,10.0,180
Food 292,Lemon Lime Fizz,Vinegar,1.0,365
Food 293,Honeydew Melon Magic,Corn,30.0,5
Food 293,Honeydew Melon Magic,Flour,10.0,90
Food 293,Honeydew Melon Magic,Mustard,10.0,60
Food 293,Honeydew Melon Magic,Potato,2.0,20
Food 293,Honeydew Melon Magic,Vanilla,2.0,180
Food 293,Honeydew Melon Magic,Milk,2.0,5
Food 293,Honeydew Melon Magic,Egg,1.0,10
Food 293,Honeydew Melon Magic,Paneer,2.0,7
Food 293,Honeydew Melon Magic,Cinnamon,30.0,180
Food 293,Honeydew Melon Magic,Baking Powder,300.0,180
Food 293,Honeydew Melon Magic,Lentils,2.0,180
Food 293,Honeydew Melon Magic,Spinach,20.0,3
Food 293,Honeydew Melon Magic,Cardamom,1.0,180
Food 294,Zesty Zestivals,Ginger,10.0,10
Food 294,Zesty Zestivals,Onion,5.0,10
Food 294,Zesty Zestivals,Nutmeg,15.0,180
Food 294,Zesty Zestivals,Parsley,1.0,5
Food 294,Zesty Zestivals,Production Food Name 83,200.0,
Food 294,Zesty Zestivals,Oats,100.0,180
Food 294,Zesty Zestivals,Milk,20.0,5
Food 294,Zesty Zestivals,Salt,10.0,365
Food 294,Zesty Zestivals,Chilli,5.0,10
Food 294,Zesty Zestivals,Potato,15.0,20
Food 294,Zesty Zestivals,Baking Powder,10.0,180
Food 294,Zesty Zestivals,Raisins,30.0,180
Food 294,Zesty Zestivals,Garlic,1.0,10
Food 297,The Mac and Cheese Madness Burger,Lentils,15.0,180
Food 297,The Mac and Cheese Madness Burger,Cashews,2.0,180
Food 297,The Mac and Cheese Madness Burger,Chicken,5.0,
Food 297,The Mac and Cheese Madness Burger,Soy Sauce,10.0,180
Food 297,The Mac and Cheese Madness Burger,Cardamom,1.0,180
Food 297,The Mac and Cheese Madness Burger,Onion,15.0,10
Food 297,The Mac and Cheese Madness Burger,Yogurt,50.0,10
Food 297,The Mac and Cheese Madness Burger,Almonds,35.0,180
Food 297,The Mac and Cheese Madness Burger,Sugar,150.0,365
Food 297,The Mac and Cheese Madness Burger,Chilli Flakes,1.0,180
Food 298,Cool Cucumber Cooler,Flour,15.0,90
Food 298,Cool Cucumber Cooler,Yogurt,2.0,10
Food 298,Cool Cucumber Cooler,Chicken,5.0,
Food 298,Cool Cucumber Cooler,Tomato,10.0,5
Food 298,Cool Cucumber Cooler,Baking Powder,1.0,180
Food 298,Cool Cucumber Cooler,Almonds,15.0,180
Food 298,Cool Cucumber Cooler,Mayonnaise,50.0,30
Food 298,Cool Cucumber Cooler,Basil,35.0,5
Food 298,Cool Cucumber Cooler,Potato,150.0,20
Food 298,Cool Cucumber Cooler,Carrot,1.0,7
Food 300,The Hawaiian Luau Burger,Thyme,20.0,7
Food 300,The Hawaiian Luau Burger,Cocoa Powder,10.0,180
Food 300,The Hawaiian Luau Burger,Chilli,1.0,10
Food 300,The Hawaiian Luau Burger,Chicken,100.0,
Food 300,The Hawaiian Luau Burger,Onion,20.0,10
Food 300,The Hawaiian Luau Burger,Mayonnaise,10.0,30
Food 300,The Hawaiian Luau Burger,Bread Crumbs,5.0,60
Food 300,The Hawaiian Luau Burger,Cardamom,15.0,180
Food 300,The Hawaiian Luau Burger,Rice,10.0,180
Food 300,The Hawaiian Luau Burger,Cream,30.0,7
Food 300,The Hawaiian Luau Burger,Production Food Name 82,200.0,
Food 300,The Hawaiian Luau Burger,Oats,1.0,180
Food 303,The Crispy Crunch Burger,Sugar,1.0,365
Food 303,The Crispy Crunch Burger,Ketchup,1.0,30
Food 303,The Crispy Crunch Burger,Production Food Name 47,6.0,
Food 303,The Crispy Crunch Burger,Egg,1.0,10
Food 303,The Crispy Crunch Burger,Tomato,40.0,5
Food 305,Gourmet Glee,Paneer,1.0,7
Food 305,Gourmet Glee,Cinnamon,1.0,180
Food 305,Gourmet Glee,Honey,6.0,365
Food 305,Gourmet Glee,Flour,25.0,90
Food 305,Gourmet Glee,Cocoa Powder,30.0,180
Food 307,The Funky Fusion Burger,Rice,43.0,180
Food 307,The Funky Fusion Burger,Spinach,15.0,3
Food 307,The Funky Fusion Burger,Lemon Juice,15.0,7
Food 307,The Funky Fusion Burger,Mayonnaise,2.0,30
Food 307,The Funky Fusion Burger,Coriander,2.0,4
Food 307,The Funky Fusion Burger,Baking Powder,2.0,180
Food 307,The Funky Fusion Burger,Almonds,1.0,180
Food 307,The Funky Fusion Burger,Chilli Flakes,1.0,180
Food 307,The Funky Fusion Burger,Production Food Name 29,90.0,
Food 307,The Funky Fusion Burger,Production Food Name 84,20.0,
Food 307,The Funky Fusion Burger,Production Food Name 86,20.0,
Food 307,The Funky Fusion Burger,Bread Crumbs,1.0,60
Food 307,The Funky Fusion Burger,Coconut Milk,1.0,7
Food 307,The Funky Fusion Burger,Paneer,250.0,7
Food 307,The Funky Fusion Burger,Cream,2.0,7
Food 307,The Funky Fusion Burger,Thyme,1.0,7
Food 307,The Funky Fusion Burger,Peas,20.0,7
Food 307,The Funky Fusion Burger,Garlic,43.0,10
Food 307,The Funky Fusion Burger,Cheese,0.01,14
Food 307,The Funky Fusion Burger,Yogurt,2.0,10
Food 307,The Funky Fusion Burger,Carrot,29.0,7
Food 307,The Funky Fusion Burger,Lentils,1.0,180
Food 310,Passionfruit Paradise,Mustard,1.0,60
Food 313,Palate Pleasers,Tomato,40.0,5
Food 313,Palate Pleasers,Cocoa Powder,1.0,180
Food 313,Palate Pleasers,Chilli,1.0,10
Food 313,Palate Pleasers,Ketchup,1.0,30
Food 313,Palate Pleasers,Production Food Name 73,75.0,
Food 313,Palate Pleasers,Oats,1.0,180
Food 313,Palate Pleasers,Butter,10.0,30
Food 313,Palate Pleasers,Oil,1.0,180
Food 313,Palate Pleasers,Peas,1.0,7
Food 313,Palate Pleasers,Spinach,20.0,3
Food 313,Palate Pleasers,Cream,10.0,7
Food 313,Palate Pleasers,Coconut Milk,1.0,7
Food 313,Palate Pleasers,Production Food Name 23,75.0,
Food 316,Spicy Mango Margarita,Mint,1.0,4
Food 317,Buttermilk Fried Chicken,Onion,1.0,10
Food 319,Street Food Soiree,Lentils,1.0,180
Food 321,Artisanal Appetites,Salt,1.0,365
Food 327,Mississippi Delta Fried Catfish,Nutmeg,1.0,180
Food 330,Flavor Fiesta,Lentils,1.0,180
Food 332,Citrus Splash,Ketchup,1.0,30
Food 333,Berry Blast,Baking Powder,1.0,180
Food 336,Coconut Crush,Bread Crumbs,1.0,60
Food 346,The Crispy Onion Ring Tower Burger,Oil,1.0,180
Food 351,Crispy Karma,Oil,1.0,180
Food 360,Tasty Tadka,Salt,1.0,365
Food 364,The Fiery Cajun Shrimp Burger,Garlic,1.0,10
Food 365,Creole Shrimp and Grits,Coconut Milk,1.0,7
Food 367,Donut Dreams,Garlic,1.0,10
Food 368,Alabama White Barbecue Chicken,Parsley,1.0,5
Food 369,Nashville Hot Fried Chicken,Soy Sauce,1.0,180
Food 370,Spice Storm,Almonds,10.0,180
Food 370,Spice Storm,Mustard,1.5,60
Food 370,Spice Storm,Spinach,0.6,3
Food 370,Spice Storm,Vinegar,15.0,365
Food 370,Spice Storm,Egg,1.0,10
Food 370,Spice Storm,Onion,1.0,10
Food 370,Spice Storm,Milk,1.0,5
Food 370,Spice Storm,Production Food Name 7,1.0,
Food 370,Spice Storm,Production Food Name 75,30.0,
Food 370,Spice Storm,Production Food Name 102,60.0,
Food 370,Spice Storm,Raisins,1.0,180
Food 370,Spice Storm,Flour,2.0,90
Food 370,Spice Storm,Bread Crumbs,1.0,60
Food 370,Spice Storm,Cinnamon,25.0,180
Food 370,Spice Storm,Ketchup,1.0,30
Food 370,Spice Storm,Production Food Name 42,40.0,
Food 370,Spice Storm,Pepper,1.0,180
Food 370,Spice Storm,Cheese,10.0,14
Food 370,Spice Storm,Lentils,125.0,180
Food 370,Spice Storm,Cashews,1.8,180
Food 370,Spice Storm,Vanilla,0.01,180
Food 370,Spice Storm,Baking Powder,10.0,180
Food 370,Spice Storm,Lemon Juice,30.0,7
Food 370,Spice Storm,Thyme,0.6,7
Food 370,Spice Storm,Corn,1.0,5
Food 372,Fusion Finesse,Thyme,10.0,7
Food 372,Fusion Finesse,Banana,1.0,3
Food 372,Fusion Finesse,Pepper,125.0,180
Food 372,Fusion Finesse,Mayonnaise,1.0,30
Food 372,Fusion Finesse,Production Food Name 44,1.0,
Food 372,Fusion Finesse,Production Food Name 102,100.0,
Food 372,Fusion Finesse,Yogurt,2.0,10
Food 372,Fusion Finesse,Corn,10.0,5
Food 372,Fusion Finesse,Production Food Name 42,45.0,
Food 372,Fusion Finesse,Oats,1.0,180
Food 372,Fusion Finesse,Vanilla,1.0,180
Food 372,Fusion Finesse,Basil,20.0,5
Food 384,Green Tea Infusion,Soy Sauce,1.0,180
Food 388,The Mighty Beast Burger,Cocoa Powder,1.0,180
Food 390,Peach Perfection,Thyme,1.0,7
Food 395,Homestyle Cornbread Pudding,Thyme,1.0,7
Food 397,Spice Whirlwind,Coconut Milk,1.0,7
Food 398,Cajun Jambalaya,Pepper,1.0,180
Food 400,Gourmet Galore,Cheese,1.0,14
Food 401,Low Country Shrimp Boil,Vinegar,1.0,365
Food 403,Saffron Symphony,Cinnamon,1.0,180
Food 406,Tasteful Tales,Flour,5.0,90
Food 406,Tasteful Tales,Rice,5.0,180
Food 406,Tasteful Tales,Cream,10.0,7
Food 406,Tasteful Tales,Coriander,1.0,4
Food 406,Tasteful Tales,Corn,1.0,5
Food 406,Tasteful Tales,Milk,1.0,5
Food 406,Tasteful Tales,Ginger,1.0,10
Food 406,Tasteful Tales,Sugar,25.0,365
Food 406,Tasteful Tales,Vinegar,1.0,365
Food 406,Tasteful Tales,Production Food Name 3,20.0,
Food 406,Tasteful Tales,Almonds,1.0,180
Food 406,Tasteful Tales,Production Food Name 2,15.0,
Food 406,Tasteful Tales,Oats,5.0,180
Food 406,Tasteful Tales,Parsley,5.0,5
Food 406,Tasteful Tales,Mustard,1.0,60
Food 407,The Veggie Supreme Burger,Bread Crumbs,15.0,60
Food 407,The Veggie Supreme Burger,Almonds,10.0,180
Food 407,The Veggie Supreme Burger,Chilli Flakes,1.0,180
Food 407,The Veggie Supreme Burger,Mayonnaise,1.0,30
Food 407,The Veggie Supreme Burger,Baking Powder,1.0,180
Food 407,The Veggie Supreme Burger,Chicken,1.0,
Food 407,The Veggie Supreme Burger,Cocoa Powder,1.0,180
Food 407,The Veggie Supreme Burger,Lemon Juice,25.0,7
Food 407,The Veggie Supreme Burger,Production Food Name 8,40.0,
Food 407,The Veggie Supreme Burger,Onion,1.0,10
Food 407,The Veggie Supreme Burger,Production Food Name 2,20.0,
Food 407,The Veggie Supreme Burger,Production Food Name 41,5.0,
Food 407,The Veggie Supreme Burger,Pepper,5.0,180
Food 407,The Veggie Supreme Burger,Oil,1.0,180
Food 407,The Veggie Supreme Burger,Garlic,1.0,10
Food 409,Coconut Cake,Carrot,15.0,7
Food 409,Coconut Cake,Almonds,10.0,180
Food 409,Coconut Cake,Raisins,1.0,180
Food 409,Coconut Cake,Nutmeg,1.0,180
Food 409,Coconut Cake,Sugar,1.0,365
Food 409,Coconut Cake,Banana,1.0,3
Food 409,Coconut Cake,Basil,25.0,5
Food 409,Coconut Cake,Production Food Name 48,20.0,
Food 409,Coconut Cake,Parsley,1.0,5
Food 409,Coconut Cake,Production Food Name 49,1.0,
Food 409,Coconut Cake,Production Food Name 2,20.0,
Food 409,Coconut Cake,Production Food Name 41,20.0,
Food 409,Coconut Cake,Vinegar,5.0,365
Food 409,Coconut Cake,Yogurt,1.0,10
Food 412,Blueberry Bliss,Basil,15.0,5
Food 412,Blueberry Bliss,Ginger,5.0,10
Food 412,Blueberry Bliss,Chicken,1.0,
Food 412,Blueberry Bliss,Corn,1.0,5
Food 412,Blueberry Bliss,Vinegar,1.0,365
Food 412,Blueberry Bliss,Yogurt,1.0,10
Food 412,Blueberry Bliss,Cheese,1.0,14
Food 412,Blueberry Bliss,Production Food Name 5,1.0,
Food 412,Blueberry Bliss,Production Food Name 97,20.0,
Food 412,Blueberry Bliss,Garlic,25.0,10
Food 412,Blueberry Bliss,Salt,1.0,365
Food 412,Blueberry Bliss,Production Food Name 98,20.0,
Food 412,Blueberry Bliss,Mayonnaise,5.0,30
Food 412,Blueberry Bliss,Butter,1.0,30
Food 414,Ginger Zing,Chilli,2.0,10
Food 414,Ginger Zing,Cardamom,30.0,180
Food 414,Ginger Zing,Coconut Milk,150.0,7
Food 414,Ginger Zing,Garlic,1.0,10
Food 414,Ginger Zing,Pepper,1.0,180
Food 425,Rose Lemon Spritzer,Cinnamon,15.0,180
Food 425,Rose Lemon Spritzer,Cashews,1.0,180
Food 425,Rose Lemon Spritzer,Basil,1.0,5
Food 425,Rose Lemon Spritzer,Sugar,1.0,365
Food 425,Rose Lemon Spritzer,Spinach,1.0,3
Food 425,Rose Lemon Spritzer,Chilli,15.0,10
Food 425,Rose Lemon Spritzer,Production Food Name 48,30.0,
Food 425,Rose Lemon Spritzer,Nutmeg,15.0,180
Food 425,Rose Lemon Spritzer,Lemon Juice,15.0,7
Food 425,Rose Lemon Spritzer,Production Food Name 6,100.0,
Food 425,Rose Lemon Spritzer,Oil,5.0,180
Food 425,Rose Lemon Spritzer,Peas,25.0,7
Food 425,Rose Lemon Spritzer,Oats,10.0,180
Food 425,Rose Lemon Spritzer,Rice,15.0,180
Food 425,Rose Lemon Spritzer,Cream,1.0,7
Food 430,Minty Mojito Madness,Cocoa Powder,150.0,180
Food 430,Minty Mojito Madness,Almonds,1.0,180
Food 430,Minty Mojito Madness,Coconut Milk,1.0,7
Food 430,Minty Mojito Madness,Oil,25.0,180
Food 434,Curry Chronicles,Vinegar,1.0,365
Food 436,Cajun Blackened Catfish,Almonds,1.0,180
Food 438,Slow-Cooked Pulled Pork,Cinnamon,1.0,180
Food 440,Exotic Eats,Egg,1.0,10
Food 442,Watermelon Wave,Potato,1.0,20
Food 444,The Double Stacked Caramelized Onion Burger,Milk,1.0,5
Food 446,Tennessee Whiskey Glazed Ham,Mint,1.0,4
Food 460,Peach Cobbler with Whipped Cream,Chicken,1.0,
Food 460,Peach Cobbler with Whipped Cream,Salt,1.0,365
Food 460,Peach Cobbler with Whipped Cream,Production Food Name 64,1.0,
Food 460,Peach Cobbler with Whipped Cream,Tomato,1.0,5
Food 460,Peach Cobbler with Whipped Cream,Cardamom,1.0,180
Food 465,Kentucky Bourbon Bread Pudding,Mint,0.001,4
Food 465,Kentucky Bourbon Bread Pudding,Oil,2.0,180
Food 465,Kentucky Bourbon Bread Pudding,Vinegar,1.0,365
Food 466,Smoky Collard Greens with Bacon,Cashews,1.0,180
Food 466,Smoky Collard Greens with Bacon,Cream,1.0,7
Food 466,Smoky Collard Greens with Bacon,Cinnamon,1.0,180
Food 466,Smoky Collard Greens with Bacon,Production Food Name 29,75.0,
Food 466,Smoky Collard Greens with Bacon,Production Food Name 46,5.0,
Food 466,Smoky Collard Greens with Bacon,Production Food Name 86,15.0,
Food 466,Smoky Collard Greens with Bacon,Sugar,1.0,365
Food 466,Smoky Collard Greens with Bacon,Tomato,1.0,5
Food 466,Smoky Collard Greens with Bacon,Chicken,5.0,
Food 466,Smoky Collard Greens with Bacon,Paneer,2.0,7
Food 466,Smoky Collard Greens with Bacon,Spinach,1.0,3
Food 466,Smoky Collard Greens with Bacon,Baking Powder,10.0,180
Food 466,Smoky Collard Greens with Bacon,Lemon Juice,1.0,7
Food 466,Smoky Collard Greens with Bacon,Coconut Milk,5.0,7
Food 466,Smoky Collard Greens with Bacon,Rice,15.0,180
Food 470,The Mediterranean Lamb Feta Burger,Flour,1.0,90
Food 470,The Mediterranean Lamb Feta Burger,Sugar,1.0,365
Food 470,The Mediterranean Lamb Feta Burger,Production Food Name 46,10.0,
Food 470,The Mediterranean Lamb Feta Burger,Production Food Name 52,75.0,
Food 470,The Mediterranean Lamb Feta Burger,Lemon Juice,1.0,7
Food 470,The Mediterranean Lamb Feta Burger,Salt,10.0,365
Food 470,The Mediterranean Lamb Feta Burger,Oats,1.0,180
Food 470,The Mediterranean Lamb Feta Burger,Nutmeg,1.0,180
Food 470,The Mediterranean Lamb Feta Burger,Ginger,0.5,10
Food 470,The Mediterranean Lamb Feta Burger,Production Food Name 50,25.0,
Food 470,The Mediterranean Lamb Feta Burger,Ketchup,5.0,30
Food 472,Cucumber Basil Smash,Carrot,37.5,7
Food 472,Cucumber Basil Smash,Thyme,6.25,7
Food 472,Cucumber Basil Smash,Banana,0.5,3
Food 472,Cucumber Basil Smash,Vinegar,1.25,365
Food 472,Cucumber Basil Smash,Basil,1.25,5
Food 472,Cucumber Basil Smash,Cardamom,0.25,180
Food 472,Cucumber Basil Smash,Vanilla,3.75,180
Food 472,Cucumber Basil Smash,Mustard,2.5,60
Food 472,Cucumber Basil Smash,Chilli Flakes,1.0,180
Food 472,Cucumber Basil Smash,Production Food Name 39,75.0,
Food 472,Cucumber Basil Smash,Production Food Name 75,20.0,
Food 472,Cucumber Basil Smash,Production Food Name 80,15.0,
Food 472,Cucumber Basil Smash,Honey,3.75,365
Food 472,Cucumber Basil Smash,Production Food Name 89,12.5,
Food 472,Cucumber Basil Smash,Chicken,0.75,
Food 472,Cucumber Basil Smash,Baking Powder,1.0,180
Food 472,Cucumber Basil Smash,Cinnamon,0.55,180
Food 472,Cucumber Basil Smash,Nutmeg,1.0,180
Food 472,Cucumber Basil Smash,Pepper,16.25,180
Food 472,Cucumber Basil Smash,Oil,1.0,180
Food 472,Cucumber Basil Smash,Spinach,0.5,3
Food 472,Cucumber Basil Smash,Coconut Milk,0.01,7
Food 472,Cucumber Basil Smash,Chilli,1.0,10
Food 472,Cucumber Basil Smash,Soy Sauce,1.0,180
Food 472,Cucumber Basil Smash,Bread Crumbs,75.0,60
Food 472,Cucumber Basil Smash,Rice,5.0,180
Food 472,Cucumber Basil Smash,Tomato,15.0,5
Food 472,Cucumber Basil Smash,Salt,7.5,365
Food 472,Cucumber Basil Smash,Production Food Name 65,0.25,
Food 472,Cucumber Basil Smash,Milk,5.0,5
Food 472,Cucumber Basil Smash,Yogurt,1.0,10
Food 474,Fried Chicken and Waffle Sliders,Thyme,5.0,7
Food 474,Fried Chicken and Waffle Sliders,Cheese,1.0,14
Food 474,Fried Chicken and Waffle Sliders,Coriander,7.5,4
Food 474,Fried Chicken and Waffle Sliders,Banana,2.0,3
Food 474,Fried Chicken and Waffle Sliders,Paneer,1.0,7
Food 474,Fried Chicken and Waffle Sliders,Almonds,1.0,180
Food 474,Fried Chicken and Waffle Sliders,Production Food Name 39,150.0,
Food 474,Fried Chicken and Waffle Sliders,Onion,1.0,10
Food 474,Fried Chicken and Waffle Sliders,Production Food Name 80,45.0,
Food 474,Fried Chicken and Waffle Sliders,Lemon Juice,1.0,7
Food 474,Fried Chicken and Waffle Sliders,Vinegar,10.0,365
Food 474,Fried Chicken and Waffle Sliders,Coconut Milk,20.0,7
Food 477,Raspberry Refresher,Oil,25.0,180
Food 477,Raspberry Refresher,Corn,30.0,5
Food 477,Raspberry Refresher,Flour,15.0,90
Food 477,Raspberry Refresher,Coconut Milk,20.0,7
Food 477,Raspberry Refresher,Salt,2.0,365
Food 477,Raspberry Refresher,Garlic,20.0,10
Food 477,Raspberry Refresher,Honey,1.0,365
Food 477,Raspberry Refresher,Cinnamon,1.0,180
Food 477,Raspberry Refresher,Milk,1.0,5
Food 477,Raspberry Refresher,Banana,20.0,3
Food 477,Raspberry Refresher,Tomato,20.0,5
Food 477,Raspberry Refresher,Production Food Name 89,150.0,
Food 477,Raspberry Refresher,Vinegar,2.0,365
Food 477,Raspberry Refresher,Raisins,20.0,180
Food 477,Raspberry Refresher,Soy Sauce,1.0,180
Food 477,Raspberry Refresher,Nutmeg,20.0,180
Food 477,Raspberry Refresher,Peas,25.0,7
Food 477,Raspberry Refresher,Cocoa Powder,10.0,180
Food 482,Orange Creamsicle,Pepper,2.0,180
Food 484,Sweet Potato Casserole with Marshmallow Topping,Carrot,1.0,7
Food 484,Sweet Potato Casserole with Marshmallow Topping,Thyme,20.0,7
Food 484,Sweet Potato Casserole with Marshmallow Topping,Vanilla,1.0,180
Food 484,Sweet Potato Casserole with Marshmallow Topping,Flour,1.0,90
Food 484,Sweet Potato Casserole with Marshmallow Topping,Cinnamon,1.0,180
Food 484,Sweet Potato Casserole with Marshmallow Topping,Production Food Name 99,20.0,
Food 484,Sweet Potato Casserole with Marshmallow Topping,Production Food Name 48,40.0,
Food 484,Sweet Potato Casserole with Marshmallow Topping,Baking Powder,1.0,180
Food 484,Sweet Potato Casserole with Marshmallow Topping,Nutmeg,1.0,180
Food 484,Sweet Potato Casserole with Marshmallow Topping,Almonds,25.0,180
Food 484,Sweet Potato Casserole with Marshmallow Topping,Chilli Flakes,1.0,180
Food 484,Sweet Potato Casserole with Marshmallow Topping,Corn,19.5,5
Food 484,Sweet Potato Casserole with Marshmallow Topping,Peas,10.0,7
Food 485,Delectable Delicacies,Production Food Name 53,1.0,
Food 485,Delectable Delicacies,Sugar,40.0,365
Food 485,Delectable Delicacies,Mint,1.0,4
Food 485,Delectable Delicacies,Almonds,15.0,180
Food 485,Delectable Delicacies,Production Food Name 23,150.0,
Food 485,Delectable Delicacies,Potato,50.0,20
Food 485,Delectable Delicacies,Cashews,25.0,180
Food 485,Delectable Delicacies,Production Food Name 73,150.0,
Food 485,Delectable Delicacies,Basil,10.0,5
Food 485,Delectable Delicacies,Carrot,1.0,7
Food 485,Delectable Delicacies,Cinnamon,1.0,180
Food 485,Delectable Delicacies,Vanilla,1.0,180
Food 485,Delectable Delicacies,Cardamom,1.0,180
